name,definition,difficulty
爱,,A1
爱好,,A1
八,,A1
爸,,A1
爸爸,,A1
吧,,A1
白,,A1
白天,,A1
百,,A1
班,,A1
半,,A1
半年,,A1
半天,,A1
帮,,A1
帮忙,,A1
包,,A1
包子,,A1
杯,,A1
杯子,,A1
北,,A1
北边,,A1
北京,,A1
本,,A1
本子,,A1
比,,A1
别,,A1
别的,,A1
别人,,A1
病,,A1
病人,,A1
不,,A1
不大,,A1
不对,,A1
不客气,,A1
不用,,A1
菜,,A1
茶,,A1
差,,A1
常,,A1
常常,,A1
唱,,A1
唱歌,,A1
车,,A1
车票,,A1
车上,,A1
车站,,A1
吃,,A1
吃饭,,A1
出,,A1
出来,,A1
出去,,A1
穿,,A1
床,,A1
次,,A1
从,,A1
错,,A1
打,,A1
打车,,A1
打电话,,A1
打开,,A1
打球,,A1
大,,A1
大学,,A1
大学生,,A1
到,,A1
地,,A1
地点,,A1
地方,,A1
地上,,A1
地图,,A1
的,,A1
得到,,A1
等,,A1
弟,,A1
弟弟,,A1
第,,A1
第二,,A1
点,,A1
电,,A1
电话,,A1
电脑,,A1
电视,,A1
电视机,,A1
电影,,A1
电影院,,A1
东,,A1
东边,,A1
东西,,A1
动,,A1
动作,,A1
都,,A1
读,,A1
读书,,A1
对,,A1
对不起,,A1
多,,A1
多少,,A1
饿,,A1
儿子,,A1
二,,A1
饭,,A1
饭店,,A1
房间,,A1
房子,,A1
放,,A1
放假,,A1
放学,,A1
飞,,A1
飞机,,A1
非常,,A1
分,,A1
风,,A1
干,,A1
干净,,A1
干什么,,A1
高,,A1
高兴,,A1
告诉,,A1
哥,,A1
哥哥,,A1
歌,,A1
个,,A1
给,,A1
跟,,A1
工人,,A1
工作,,A1
关,,A1
关上,,A1
贵,,A1
国,,A1
国家,,A1
国外,,A1
过,,A1
还,,A1
还是,,A1
还有,,A1
孩子,,A1
汉语,,A1
汉字,,A1
好,,A1
好吃,,A1
好看,,A1
好听,,A1
好玩儿,,A1
号,,A1
喝,,A1
和,,A1
很,,A1
后,,A1
后边,,A1
后天,,A1
花,,A1
话,,A1
坏,,A1
回,,A1
回答,,A1
回到,,A1
回家,,A1
回来,,A1
回去,,A1
会,,A1
火车,,A1
机场,,A1
机票,,A1
鸡蛋,,A1
几,,A1
记,,A1
记得,,A1
记住,,A1
家,,A1
家里,,A1
家人,,A1
间,,A1
见,,A1
见面,,A1
叫,,A1
教,,A1
教学楼,,A1
介绍,,A1
姐,,A1
姐姐,,A1
今年,,A1
今天,,A1
进,,A1
进来,,A1
进去,,A1
九,,A1
就,,A1
觉得,,A1
开,,A1
开车,,A1
开会,,A1
开玩笑,,A1
看,,A1
看病,,A1
看到,,A1
看见,,A1
考,,A1
考试,,A1
渴,,A1
课,,A1
课本,,A1
课文,,A1
口,,A1
块,,A1
快,,A1
来,,A1
来到,,A1
老,,A1
老人,,A1
老师,,A1
了,,A1
累,,A1
冷,,A1
里,,A1
里边,,A1
两,,A1
零,,A1
六,,A1
楼,,A1
楼上,,A1
楼下,,A1
路,,A1
路口,,A1
路上,,A1
妈,,A1
妈妈,,A1
马路,,A1
马上,,A1
吗,,A1
买,,A1
慢,,A1
忙,,A1
毛,,A1
没,,A1
没关系,,A1
没什么,,A1
没事儿,,A1
没有,,A1
妹,,A1
妹妹,,A1
门,,A1
门口,,A1
门票,,A1
们,,A1
米饭,,A1
面包,,A1
面条儿,,A1
名字,,A1
明白,,A1
明年,,A1
明天,,A1
拿,,A1
哪,,A1
哪儿,,A1
哪里,,A1
哪些,,A1
那,,A1
那边,,A1
那儿,,A1
那里,,A1
那些,,A1
奶,,A1
奶奶,,A1
男,,A1
男孩儿,,A1
男朋友,,A1
男人,,A1
男生,,A1
南,,A1
南边,,A1
难,,A1
呢,,A1
能,,A1
你,,A1
你们,,A1
年,,A1
您,,A1
牛奶,,A1
女,,A1
女儿,,A1
女孩儿,,A1
女朋友,,A1
女人,,A1
女生,,A1
旁边,,A1
跑,,A1
朋友,,A1
票,,A1
七,,A1
起,,A1
起床,,A1
起来,,A1
汽车,,A1
前,,A1
前边,,A1
前天,,A1
钱,,A1
钱包,,A1
请,,A1
请假,,A1
请进,,A1
请问,,A1
请坐,,A1
球,,A1
去,,A1
去年,,A1
热,,A1
人,,A1
认识,,A1
认真,,A1
日,,A1
日期,,A1
肉,,A1
三,,A1
山,,A1
商场,,A1
商店,,A1
上,,A1
上班,,A1
上边,,A1
上车,,A1
上次,,A1
上课,,A1
上网,,A1
上午,,A1
上学,,A1
少,,A1
身上,,A1
身体,,A1
什么,,A1
生病,,A1
生气,,A1
生日,,A1
十,,A1
时候,,A1
时间,,A1
事,,A1
试,,A1
是,,A1
是不是,,A1
手,,A1
手机,,A1
书,,A1
书包,,A1
书店,,A1
树,,A1
谁,,A1
水,,A1
水果,,A1
睡,,A1
睡觉,,A1
说,,A1
说话,,A1
四,,A1
送,,A1
岁,,A1
他,,A1
他们,,A1
她,,A1
她们,,A1
太,,A1
天,,A1
天气,,A1
听,,A1
听到,,A1
听见,,A1
听写,,A1
同学,,A1
图书馆,,A1
外,,A1
外边,,A1
外国,,A1
外语,,A1
玩儿,,A1
晚,,A1
晚饭,,A1
晚上,,A1
网上,,A1
网友,,A1
忘,,A1
忘记,,A1
问,,A1
我,,A1
我们,,A1
五,,A1
午饭,,A1
洗,,A1
洗手间,,A1
喜欢,,A1
西,,A1
西边,,A1
下,,A1
下班,,A1
下边,,A1
下车,,A1
下次,,A1
下课,,A1
下午,,A1
下雨,,A1
先,,A1
先生,,A1
现在,,A1
想,,A1
小,,A1
小孩儿,,A1
小姐,,A1
小朋友,,A1
小时,,A1
小学,,A1
小学生,,A1
笑,,A1
写,,A1
谢谢,,A1
新,,A1
新年,,A1
星期,,A1
星期日,,A1
星期天,,A1
行,,A1
休息,,A1
学,,A1
学生,,A1
学习,,A1
学校,,A1
学院,,A1
要,,A1
也,,A1
页,,A1
爷爷,,A1
一,,A1
一半,,A1
一边,,A1
一点儿,,A1
一会儿,,A1
一块儿,,A1
一起,,A1
一下儿,,A1
一些,,A1
一样,,A1
衣服,,A1
医生,,A1
医院,,A1
用,,A1
有,,A1
有的,,A1
有名,,A1
有时,,A1
有时候,,A1
有些,,A1
有一些,,A1
有用,,A1
右,,A1
右边,,A1
雨,,A1
元,,A1
远,,A1
月,,A1
再,,A1
再见,,A1
在,,A1
在家,,A1
早,,A1
早饭,,A1
早上,,A1
怎么,,A1
站,,A1
找,,A1
找到,,A1
这,,A1
这边,,A1
这儿,,A1
这里,,A1
这些,,A1
着,,A1
真,,A1
真的,,A1
正,,A1
正在,,A1
知道,,A1
知识,,A1
中,,A1
中国,,A1
中间,,A1
中文,,A1
中午,,A1
中学,,A1
中学生,,A1
重,,A1
重要,,A1
住,,A1
准备,,A1
桌子,,A1
字,,A1
子,,A1
走,,A1
走路,,A1
最,,A1
最好,,A1
最后,,A1
昨天,,A1
左,,A1
左边,,A1
坐,,A1
坐下,,A1
做,,A1
啊,,A2
爱情,,A2
爱人,,A2
安静,,A2
安全,,A2
白色,,A2
班长,,A2
办,,A2
办法,,A2
办公室,,A2
半夜,,A2
帮助,,A2
饱,,A2
报名,,A2
报纸,,A2
北方,,A2
背,,A2
比如,,A2
比如说,,A2
笔,,A2
笔记,,A2
笔记本,,A2
必须,,A2
边,,A2
变,,A2
变成,,A2
便宜,,A2
遍,,A2
表,,A2
不错,,A2
不但,,A2
不够,,A2
不过,,A2
不好意思,,A2
不久,,A2
不满,,A2
不如,,A2
不少,,A2
不太,,A2
不同,,A2
不行,,A2
不要,,A2
不一定,,A2
不一会儿,,A2
部分,,A2
才,,A2
菜单,,A2
参观,,A2
参加,,A2
草,,A2
草地,,A2
层,,A2
查,,A2
差不多,,A2
常见,,A2
常用,,A2
场,,A2
超过,,A2
超市,,A2
车辆,,A2
称,,A2
成,,A2
成绩,,A2
成为,,A2
出发,,A2
出国,,A2
出口,,A2
出门,,A2
出生,,A2
出现,,A2
出院,,A2
出租,,A2
出租车,,A2
船,,A2
吹,,A2
春节,,A2
春天,,A2
词,,A2
词典,,A2
词语,,A2
从小,,A2
答应,,A2
打工,,A2
打算,,A2
打印,,A2
大部分,,A2
大大,,A2
大多数,,A2
大海,,A2
大家,,A2
大量,,A2
大门,,A2
大人,,A2
大声,,A2
大小,,A2
大衣,,A2
大自然,,A2
带,,A2
带来,,A2
单位,,A2
但,,A2
但是,,A2
蛋,,A2
当,,A2
当时,,A2
到处,,A2
倒,,A2
道,,A2
道理,,A2
道路,,A2
地球,,A2
地铁,,A2
地铁站,,A2
的话,,A2
得,,A2
得出,,A2
灯,,A2
等到,,A2
等于,,A2
低,,A2
点头,,A2
店,,A2
掉,,A2
东北,,A2
东方,,A2
东南,,A2
冬天,,A2
懂,,A2
懂得,,A2
动物,,A2
动物园,,A2
读音,,A2
度,,A2
短,,A2
短信,,A2
段,,A2
队,,A2
队长,,A2
对话,,A2
对面,,A2
多久,,A2
多么,,A2
多数,,A2
多云,,A2
而且,,A2
发,,A2
发现,,A2
饭馆,,A2
方便,,A2
方便面,,A2
方法,,A2
方面,,A2
方向,,A2
放下,,A2
放心,,A2
分开,,A2
分数,,A2
分钟,,A2
份,,A2
封,,A2
服务,,A2
复习,,A2
该,,A2
改,,A2
改变,,A2
感到,,A2
感动,,A2
感觉,,A2
感谢,,A2
干杯,,A2
干活儿,,A2
刚,,A2
刚才,,A2
刚刚,,A2
高级,,A2
高中,,A2
个子,,A2
更,,A2
公共汽车,,A2
公交车,,A2
公斤,,A2
公里,,A2
公路,,A2
公平,,A2
公司,,A2
公园,,A2
狗,,A2
够,,A2
故事,,A2
故意,,A2
顾客,,A2
关机,,A2
关心,,A2
观点,,A2
广场,,A2
广告,,A2
国际,,A2
过来,,A2
过年,,A2
过去,,A2
海,,A2
海边,,A2
喊,,A2
好处,,A2
好多,,A2
好久,,A2
好人,,A2
好事,,A2
好像,,A2
合适,,A2
河,,A2
黑,,A2
黑板,,A2
黑色,,A2
红,,A2
红色,,A2
后来,,A2
忽然,,A2
湖,,A2
护照,,A2
花园,,A2
画,,A2
画儿,,A2
画家,,A2
坏处,,A2
坏人,,A2
换,,A2
欢迎,,A2
黄,,A2
黄色,,A2
回国,,A2
活动,,A2
或,,A2
或者,,A2
机会,,A2
鸡,,A2
级,,A2
急,,A2
计划,,A2
计算机,,A2
加,,A2
加油,,A2
家庭,,A2
家长,,A2
假,,A2
假期,,A2
检查,,A2
见到,,A2
见过,,A2
件,,A2
健康,,A2
讲,,A2
讲话,,A2
交,,A2
交给,,A2
交朋友,,A2
交通,,A2
角,,A2
角度,,A2
饺子,,A2
脚,,A2
叫作,,A2
教师,,A2
教室,,A2
教学,,A2
教育,,A2
接,,A2
接到,,A2
接受,,A2
接下来,,A2
接着,,A2
街,,A2
节,,A2
节目,,A2
节日,,A2
结果,,A2
借,,A2
今后,,A2
斤,,A2
近,,A2
进入,,A2
进行,,A2
经常,,A2
经过,,A2
经理,,A2
酒,,A2
酒店,,A2
就要,,A2
举,,A2
举手,,A2
举行,,A2
句,,A2
句子,,A2
卡,,A2
开机,,A2
开心,,A2
开学,,A2
看法,,A2
考生,,A2
靠,,A2
科,,A2
科学,,A2
科学家,,A2
可爱,,A2
可能,,A2
可怕,,A2
可是,,A2
可以,,A2
克,,A2
刻,,A2
客人,,A2
课堂,,A2
空气,,A2
哭,,A2
快餐,,A2
快点儿,,A2
快乐,,A2
快要,,A2
筷子,,A2
拉,,A2
来自,,A2
蓝,,A2
蓝色,,A2
篮球,,A2
老年,,A2
老朋友,,A2
老是,,A2
离,,A2
离开,,A2
礼物,,A2
里头,,A2
理想,,A2
例如,,A2
例子,,A2
脸,,A2
练,,A2
练习,,A2
凉,,A2
凉快,,A2
亮,,A2
辆,,A2
零下,,A2
流,,A2
流利,,A2
流行,,A2
留,,A2
留下,,A2
留学生,,A2
路边,,A2
旅客,,A2
旅行,,A2
旅游,,A2
绿,,A2
绿色,,A2
卖,,A2
满,,A2
满意,,A2
猫,,A2
米,,A2
面,,A2
面前,,A2
名,,A2
名称,,A2
名单,,A2
明星,,A2
目的,,A2
拿出,,A2
拿到,,A2
那会儿,,A2
那么,,A2
那时,,A2
那时候,,A2
那样,,A2
南方,,A2
难过,,A2
难看,,A2
难受,,A2
难题,,A2
难听,,A2
能够,,A2
年级,,A2
年轻,,A2
鸟,,A2
弄,,A2
努力,,A2
爬,,A2
爬山,,A2
怕,,A2
排,,A2
排队,,A2
排球,,A2
碰,,A2
碰到,,A2
碰见,,A2
篇,,A2
片,,A2
漂亮,,A2
平,,A2
平安,,A2
平常,,A2
平等,,A2
平时,,A2
瓶,,A2
瓶子,,A2
普通,,A2
普通话,,A2
其他,,A2
其中,,A2
骑,,A2
骑车,,A2
起飞,,A2
气,,A2
气温,,A2
千,,A2
千克,,A2
前年,,A2
墙,,A2
青年,,A2
青少年,,A2
轻,,A2
清楚,,A2
晴,,A2
晴天,,A2
请客,,A2
请求,,A2
秋天,,A2
求,,A2
球场,,A2
球队,,A2
球鞋,,A2
取,,A2
取得,,A2
全,,A2
全部,,A2
全国,,A2
全家,,A2
全年,,A2
全身,,A2
全体,,A2
然后,,A2
让,,A2
热情,,A2
人口,,A2
人们,,A2
人数,,A2
认为,,A2
日报,,A2
日子,,A2
如果,,A2
入口,,A2
商量,,A2
商人,,A2
上周,,A2
少年,,A2
少数,,A2
身边,,A2
什么样,,A2
生,,A2
生词,,A2
生活,,A2
声音,,A2
省,,A2
十分,,A2
实际,,A2
实习,,A2
实现,,A2
实在,,A2
食物,,A2
使用,,A2
市,,A2
市长,,A2
事情,,A2
收,,A2
收到,,A2
收入,,A2
手表,,A2
受到,,A2
舒服,,A2
熟,,A2
数,,A2
数字,,A2
水平,,A2
顺利,,A2
说明,,A2
司机,,A2
送到,,A2
送给,,A2
算,,A2
虽然,,A2
随便,,A2
随时,,A2
所以,,A2
所有,,A2
它,,A2
它们,,A2
太太,,A2
太阳,,A2
态度,,A2
讨论,,A2
套,,A2
特别,,A2
特点,,A2
疼,,A2
提,,A2
提出,,A2
提到,,A2
提高,,A2
题,,A2
体育,,A2
体育场,,A2
体育馆,,A2
天上,,A2
条,,A2
条件,,A2
听讲,,A2
听说,,A2
停,,A2
停车,,A2
停车场,,A2
挺,,A2
挺好,,A2
通,,A2
通过,,A2
通知,,A2
同时,,A2
同事,,A2
同样,,A2
头,,A2
头发,,A2
图片,,A2
推,,A2
腿,,A2
外地,,A2
外卖,,A2
完,,A2
完成,,A2
完全,,A2
晚安,,A2
晚报,,A2
晚餐,,A2
晚会,,A2
碗,,A2
万,,A2
网,,A2
网球,,A2
网站,,A2
往,,A2
为,,A2
为什么,,A2
位,,A2
味道,,A2
喂,,A2
温度,,A2
闻,,A2
问路,,A2
问题,,A2
午餐,,A2
午睡,,A2
习惯,,A2
洗衣机,,A2
洗澡,,A2
西北,,A2
西餐,,A2
西方,,A2
西南,,A2
西医,,A2
下雪,,A2
下周,,A2
夏天,,A2
相机,,A2
相同,,A2
相信,,A2
响,,A2
想到,,A2
想法,,A2
想起,,A2
向,,A2
像,,A2
小声,,A2
小时候,,A2
小说,,A2
小心,,A2
小组,,A2
校园,,A2
校长,,A2
笑话,,A2
笑话儿,,A2
鞋,,A2
心里,,A2
心情,,A2
心中,,A2
新闻,,A2
信,,A2
信号,,A2
信息,,A2
信心,,A2
信用卡,,A2
星星,,A2
行动,,A2
行人,,A2
行为,,A2
姓,,A2
姓名,,A2
休假,,A2
许多,,A2
选,,A2
学期,,A2
雪,,A2
颜色,,A2
眼,,A2
眼睛,,A2
养,,A2
样子,,A2
药,,A2
药店,,A2
药片,,A2
药水,,A2
要求,,A2
也许,,A2
夜,,A2
夜里,,A2
一般,,A2
一部分,,A2
一点点,,A2
一定,,A2
一共,,A2
一路平安,,A2
一路顺风,,A2
一生,,A2
一直,,A2
已经,,A2
以后,,A2
以前,,A2
以上,,A2
以外,,A2
以为,,A2
以下,,A2
椅子,,A2
亿,,A2
意见,,A2
意思,,A2
因为,,A2
阴,,A2
阴天,,A2
音节,,A2
音乐,,A2
音乐会,,A2
银行,,A2
银行卡,,A2
应该,,A2
英文,,A2
英语,,A2
影片,,A2
影响,,A2
永远,,A2
油,,A2
游客,,A2
有点儿,,A2
有空儿,,A2
有人,,A2
有一点儿,,A2
有意思,,A2
又,,A2
友好,,A2
鱼,,A2
语言,,A2
原来,,A2
原因,,A2
院,,A2
院长,,A2
院子,,A2
愿意,,A2
月份,,A2
月亮,,A2
越,,A2
越来越,,A2
云,,A2
运动,,A2
咱,,A2
咱们,,A2
脏,,A2
早餐,,A2
早晨,,A2
早就,,A2
怎么办,,A2
怎么样,,A2
怎样,,A2
占,,A2
站住,,A2
长,,A2
长大,,A2
找出,,A2
照顾,,A2
照片,,A2
照相,,A2
这么,,A2
这时,,A2
这时候,,A2
这样,,A2
真正,,A2
正常,,A2
正好,,A2
正确,,A2
正是,,A2
直接,,A2
只,,A2
只能,,A2
只要,,A2
纸,,A2
中餐,,A2
中级,,A2
中年,,A2
中小学,,A2
中心,,A2
中医,,A2
重点,,A2
重复,,A2
重视,,A2
重新,,A2
周,,A2
周末,,A2
周年,,A2
主人,,A2
主要,,A2
住房,,A2
住院,,A2
装,,A2
准确,,A2
字典,,A2
自己,,A2
自行车,,A2
自由,,A2
走过,,A2
走进,,A2
走开,,A2
租,,A2
组,,A2
组成,,A2
组长,,A2
嘴,,A2
最近,,A2
作家,,A2
作文,,A2
作业,,A2
作用,,A2
座,,A2
座位,,A2
做到,,A2
做法,,A2
做饭,,A2
爱心,,B1
安排,,B1
安装,,B1
按,,B1
按照,,B1
把,,B1
把握,,B1
白菜,,B1
班级,,B1
搬,,B1
搬家,,B1
板,,B1
办理,,B1
保,,B1
保安,,B1
保持,,B1
保存,,B1
保护,,B1
保留,,B1
保险,,B1
保证,,B1
报,,B1
报到,,B1
报道,,B1
报告,,B1
北部,,B1
背后,,B1
被,,B1
被子,,B1
本来,,B1
本领,,B1
本事,,B1
比较,,B1
比例,,B1
比赛,,B1
必然,,B1
必要,,B1
变化,,B1
变为,,B1
标题,,B1
标准,,B1
表达,,B1
表格,,B1
表面,,B1
表明,,B1
表现,,B1
表演,,B1
并,,B1
并且,,B1
播出,,B1
播放,,B1
补,,B1
补充,,B1
不安,,B1
不必,,B1
不得不,,B1
不断,,B1
不光,,B1
不仅,,B1
不论,,B1
布,,B1
步,,B1
部,,B1
部门,,B1
部长,,B1
才能,,B1
采取,,B1
采用,,B1
彩色,,B1
曾经,,B1
产生,,B1
厂,,B1
场合,,B1
场所,,B1
超级,,B1
朝,,B1
吵,,B1
吵架,,B1
衬衫,,B1
衬衣,,B1
称为,,B1
成功,,B1
成果,,B1
成就,,B1
成立,,B1
成熟,,B1
成员,,B1
成长,,B1
城,,B1
城市,,B1
程度,,B1
持续,,B1
充满,,B1
初,,B1
初步,,B1
初级,,B1
初一,,B1
初中,,B1
除了,,B1
处理,,B1
传,,B1
传播,,B1
传来,,B1
传说,,B1
创新,,B1
创业,,B1
创造,,B1
创作,,B1
从来,,B1
从前,,B1
从事,,B1
村,,B1
存,,B1
存在,,B1
错误,,B1
达到,,B1
打破,,B1
打听,,B1
大夫,,B1
大概,,B1
大使馆,,B1
大约,,B1
代,,B1
代表,,B1
代表团,,B1
带动,,B1
带领,,B1
单元,,B1
当初,,B1
当地,,B1
当然,,B1
当中,,B1
刀,,B1
导演,,B1
到达,,B1
到底,,B1
地区,,B1
得分,,B1
等待,,B1
底下,,B1
电视剧,,B1
电视台,,B1
电台,,B1
电子邮件,,B1
调,,B1
调查,,B1
调整,,B1
订,,B1
定期,,B1
东部,,B1
动力,,B1
动人,,B1
读者,,B1
短处,,B1
短裤,,B1
短期,,B1
断,,B1
队员,,B1
对待,,B1
对方,,B1
对手,,B1
对象,,B1
顿,,B1
发表,,B1
发出,,B1
发达,,B1
发动,,B1
发明,,B1
发生,,B1
发送,,B1
发言,,B1
发展,,B1
反对,,B1
反复,,B1
反应,,B1
反正,,B1
范围,,B1
方式,,B1
防,,B1
防止,,B1
房东,,B1
房屋,,B1
房租,,B1
访问,,B1
放到,,B1
飞行,,B1
费,,B1
费用,,B1
分别,,B1
分配,,B1
分组,,B1
丰富,,B1
风险,,B1
否定,,B1
否认,,B1
服务员,,B1
服装,,B1
福,,B1
父母,,B1
父亲,,B1
付,,B1
负责,,B1
复印,,B1
复杂,,B1
富,,B1
改进,,B1
改造,,B1
概念,,B1
赶,,B1
赶到,,B1
赶紧,,B1
赶快,,B1
敢,,B1
感冒,,B1
感情,,B1
感受,,B1
干吗,,B1
高速,,B1
高速公路,,B1
告别,,B1
歌迷,,B1
歌声,,B1
歌手,,B1
个人,,B1
个性,,B1
各,,B1
各地,,B1
各位,,B1
各种,,B1
各自,,B1
根本,,B1
更加,,B1
工厂,,B1
工程师,,B1
工夫,,B1
工具,,B1
工业,,B1
工资,,B1
公布,,B1
公共,,B1
公开,,B1
公民,,B1
公务员,,B1
功夫,,B1
功课,,B1
功能,,B1
共同,,B1
共有,,B1
姑娘,,B1
古,,B1
古代,,B1
故乡,,B1
挂,,B1
关系,,B1
关注,,B1
观察,,B1
观看,,B1
观念,,B1
观众,,B1
管,,B1
管理,,B1
光,,B1
光明,,B1
广播,,B1
广大,,B1
规定,,B1
规范,,B1
国内,,B1
国庆,,B1
果然,,B1
果汁,,B1
过程,,B1
哈哈,,B1
海关,,B1
害怕,,B1
好好,,B1
好奇,,B1
合,,B1
合法,,B1
合格,,B1
合理,,B1
合作,,B1
和平,,B1
红茶,,B1
红酒,,B1
后果,,B1
后面,,B1
后年,,B1
互联网,,B1
互相,,B1
华人,,B1
化,,B1
划船,,B1
话剧,,B1
话题,,B1
环,,B1
环保,,B1
环境,,B1
欢乐,,B1
会议,,B1
会员,,B1
活,,B1
火,,B1
机器,,B1
积极,,B1
积极性,,B1
基本,,B1
基本上,,B1
基础,,B1
及时,,B1
极了,,B1
集体,,B1
集中,,B1
计算,,B1
记录,,B1
记者,,B1
纪录,,B1
纪念,,B1
技术,,B1
继续,,B1
加工,,B1
加快,,B1
加强,,B1
家具,,B1
家属,,B1
家乡,,B1
价格,,B1
价钱,,B1
价值,,B1
架,,B1
坚持,,B1
坚决,,B1
坚强,,B1
简单,,B1
简直,,B1
建,,B1
建成,,B1
建立,,B1
建设,,B1
建议,,B1
将近,,B1
将来,,B1
交费,,B1
交警,,B1
交流,,B1
交往,,B1
交易,,B1
较,,B1
教材,,B1
教练,,B1
接待,,B1
接近,,B1
节约,,B1
结合,,B1
结婚,,B1
结实,,B1
结束,,B1
解决,,B1
解开,,B1
金,,B1
金牌,,B1
仅,,B1
仅仅,,B1
尽量,,B1
紧,,B1
紧急,,B1
紧张,,B1
近期,,B1
进步,,B1
进一步,,B1
进展,,B1
京剧,,B1
经济,,B1
经历,,B1
经验,,B1
经营,,B1
精彩,,B1
精神,,B1
景色,,B1
警察,,B1
静,,B1
久,,B1
旧,,B1
救,,B1
就是,,B1
就业,,B1
举办,,B1
具体,,B1
具有,,B1
剧场,,B1
据说,,B1
决定,,B1
决赛,,B1
决心,,B1
绝对,,B1
咖啡,,B1
开发,,B1
开放,,B1
开始,,B1
开业,,B1
开展,,B1
看起来,,B1
看上去,,B1
考验,,B1
科技,,B1
可靠,,B1
可乐,,B1
克服,,B1
客观,,B1
课程,,B1
空,,B1
空调,,B1
空儿,,B1
恐怕,,B1
裤子,,B1
快速,,B1
困,,B1
困难,,B1
浪费,,B1
老百姓,,B1
老板,,B1
老太太,,B1
老头儿,,B1
乐,,B1
乐队,,B1
乐观,,B1
类,,B1
类似,,B1
离婚,,B1
里面,,B1
理发,,B1
理解,,B1
理论,,B1
理由,,B1
力,,B1
力量,,B1
立刻,,B1
利用,,B1
连,,B1
连忙,,B1
连续,,B1
连续剧,,B1
联合,,B1
联合国,,B1
联系,,B1
凉水,,B1
领,,B1
领导,,B1
领先,,B1
另外,,B1
另一方面,,B1
留学,,B1
龙,,B1
录,,B1
录音,,B1
路线,,B1
旅馆,,B1
旅行社,,B1
绿茶,,B1
乱,,B1
落后,,B1
麻烦,,B1
马,,B1
满足,,B1
慢慢,,B1
毛病,,B1
没用,,B1
媒体,,B1
每,,B1
美,,B1
美好,,B1
美丽,,B1
美食,,B1
美术,,B1
美元,,B1
迷,,B1
面对,,B1
面积,,B1
民间,,B1
民族,,B1
明确,,B1
明显,,B1
命运,,B1
某,,B1
母亲,,B1
木头,,B1
目标,,B1
目前,,B1
奶茶,,B1
男子,,B1
南部,,B1
难道,,B1
难度,,B1
内,,B1
内容,,B1
内心,,B1
能不能,,B1
能力,,B1
年初,,B1
年代,,B1
年底,,B1
年纪,,B1
念,,B1
牛,,B1
农村,,B1
农民,,B1
农业,,B1
女子,,B1
暖和,,B1
拍,,B1
排名,,B1
牌子,,B1
派,,B1
判断,,B1
胖,,B1
跑步,,B1
配,,B1
配合,,B1
批评,,B1
批准,,B1
皮,,B1
皮包,,B1
啤酒,,B1
票价,,B1
评价,,B1
苹果,,B1
破,,B1
破坏,,B1
普遍,,B1
普及,,B1
期,,B1
齐,,B1
其次,,B1
其实,,B1
奇怪,,B1
气候,,B1
千万,,B1
前后,,B1
前进,,B1
前面,,B1
前往,,B1
强,,B1
强大,,B1
强调,,B1
强烈,,B1
桥,,B1
巧,,B1
亲,,B1
亲切,,B1
亲人,,B1
亲自,,B1
情感,,B1
情况,,B1
请教,,B1
庆祝,,B1
球迷,,B1
区,,B1
区别,,B1
取消,,B1
去世,,B1
全场,,B1
全面,,B1
全球,,B1
缺,,B1
缺点,,B1
缺少,,B1
确保,,B1
确定,,B1
确实,,B1
裙子,,B1
群,,B1
热爱,,B1
热烈,,B1
人才,,B1
人工,,B1
人类,,B1
人民,,B1
人民币,,B1
人群,,B1
人生,,B1
人员,,B1
认出,,B1
认得,,B1
认可,,B1
任,,B1
任何,,B1
任务,,B1
仍,,B1
仍然,,B1
日常,,B1
容易,,B1
如何,,B1
散步,,B1
沙发,,B1
沙子,,B1
伤,,B1
伤心,,B1
商品,,B1
商业,,B1
上来,,B1
上面,,B1
上去,,B1
上升,,B1
上衣,,B1
设备,,B1
设计,,B1
设立,,B1
社会,,B1
身份证,,B1
深,,B1
深刻,,B1
深入,,B1
升,,B1
生产,,B1
生存,,B1
生动,,B1
生命,,B1
生意,,B1
生长,,B1
声明,,B1
胜,,B1
胜利,,B1
失去,,B1
石头,,B1
石油,,B1
时,,B1
时代,,B1
时刻,,B1
实际上,,B1
实力,,B1
实行,,B1
实验,,B1
实验室,,B1
食品,,B1
使,,B1
始终,,B1
世纪,,B1
世界,,B1
世界杯,,B1
市场,,B1
事故,,B1
事件,,B1
事实,,B1
事实上,,B1
事业,,B1
试题,,B1
试验,,B1
室,,B1
适合,,B1
适应,,B1
适用,,B1
收费,,B1
收看,,B1
收听,,B1
收音机,,B1
手续,,B1
手指,,B1
首都,,B1
首先,,B1
受,,B1
受伤,,B1
书架,,B1
输,,B1
输入,,B1
熟人,,B1
属,,B1
属于,,B1
束,,B1
数量,,B1
双,,B1
双方,,B1
思想,,B1
死,,B1
速度,,B1
随,,B1
所,,B1
所长,,B1
台,,B1
谈,,B1
谈话,,B1
谈判,,B1
汤,,B1
糖,,B1
特色,,B1
提前,,B1
提问,,B1
题目,,B1
体会,,B1
体现,,B1
体验,,B1
天空,,B1
甜,,B1
跳,,B1
跳高,,B1
跳舞,,B1
跳远,,B1
铁,,B1
铁路,,B1
听力,,B1
听众,,B1
停止,,B1
通常,,B1
通信,,B1
同意,,B1
痛,,B1
痛苦,,B1
头脑,,B1
突出,,B1
突然,,B1
图,,B1
图画,,B1
土,,B1
团,,B1
团结,,B1
团体,,B1
推动,,B1
推广,,B1
推进,,B1
推开,,B1
退,,B1
退出,,B1
退休,,B1
外交,,B1
外面,,B1
外文,,B1
完美,,B1
完善,,B1
完整,,B1
玩具,,B1
往往,,B1
危害,,B1
危险,,B1
围,,B1
伟大,,B1
卫生,,B1
卫生间,,B1
为了,,B1
温暖,,B1
文化,,B1
文件,,B1
文明,,B1
文学,,B1
文章,,B1
文字,,B1
握手,,B1
屋子,,B1
武器,,B1
武术,,B1
舞台,,B1
希望,,B1
系,,B1
西部,,B1
下来,,B1
下面,,B1
下去,,B1
先进,,B1
显得,,B1
显然,,B1
显示,,B1
现场,,B1
现代,,B1
现代化,,B1
现金,,B1
现实,,B1
现象,,B1
线,,B1
相比,,B1
相当,,B1
相关,,B1
相互,,B1
相似,,B1
香,,B1
香蕉,,B1
消费,,B1
消失,,B1
消息,,B1
效果,,B1
写作,,B1
心,,B1
信封,,B1
信任,,B1
行李,,B1
形成,,B1
形式,,B1
形象,,B1
形状,,B1
幸福,,B1
幸运,,B1
性,,B1
性别,,B1
性格,,B1
修,,B1
修改,,B1
需求,,B1
需要,,B1
宣布,,B1
宣传,,B1
选手,,B1
学费,,B1
血,,B1
训练,,B1
压,,B1
压力,,B1
烟,,B1
眼前,,B1
演,,B1
演唱,,B1
演唱会,,B1
演出,,B1
演员,,B1
羊,,B1
阳光,,B1
要是,,B1
一方面,,B1
一切,,B1
衣架,,B1
已,,B1
以来,,B1
艺术,,B1
意外,,B1
意义,,B1
因此,,B1
银,,B1
银牌,,B1
印象,,B1
应当,,B1
应用,,B1
迎接,,B1
营养,,B1
赢,,B1
影视,,B1
优点,,B1
优势,,B1
由,,B1
由于,,B1
邮件,,B1
邮票,,B1
邮箱,,B1
游,,B1
游戏,,B1
游泳,,B1
有的是,,B1
有利,,B1
有效,,B1
预报,,B1
预防,,B1
预计,,B1
预习,,B1
员,,B1
员工,,B1
愿望,,B1
约,,B1
运输,,B1
杂志,,B1
早已,,B1
造,,B1
造成,,B1
责任,,B1
增加,,B1
增长,,B1
展开,,B1
张,,B1
长城,,B1
长处,,B1
长期,,B1
照,,B1
者,,B1
真实,,B1
争,,B1
争取,,B1
整,,B1
整个,,B1
整理,,B1
整齐,,B1
整体,,B1
整天,,B1
整整,,B1
正式,,B1
证,,B1
证件,,B1
证据,,B1
证明,,B1
支,,B1
支持,,B1
支付,,B1
直,,B1
直播,,B1
直到,,B1
值,,B1
值得,,B1
职工,,B1
职业,,B1
只好,,B1
只是,,B1
只有,,B1
指,,B1
指出,,B1
指导,,B1
至今,,B1
至少,,B1
志愿,,B1
志愿者,,B1
制定,,B1
制度,,B1
制造,,B1
制作,,B1
中部,,B1
中华民族,,B1
终于,,B1
钟,,B1
种,,B1
种子,,B1
重大,,B1
周围,,B1
猪,,B1
主持,,B1
主动,,B1
主任,,B1
主意,,B1
主张,,B1
注意,,B1
祝,,B1
抓,,B1
抓住,,B1
专家,,B1
专门,,B1
专题,,B1
专业,,B1
转,,B1
转变,,B1
状况,,B1
状态,,B1
追,,B1
准,,B1
资格,,B1
资金,,B1
自从,,B1
自动,,B1
自觉,,B1
自然,,B1
自身,,B1
自主,,B1
子女,,B1
总,,B1
总结,,B1
总是,,B1
足够,,B1
足球,,B1
组合,,B1
左右,,B1
作品,,B1
作者,,B1
做客,,B1
阿姨,,B2
矮,,B2
矮小,,B2
爱国,,B2
爱护,,B2
安,,B2
安置,,B2
按时,,B2
暗,,B2
暗示,,B2
巴士,,B2
百货,,B2
摆,,B2
摆动,,B2
摆脱,,B2
败,,B2
办事,,B2
包裹,,B2
包含,,B2
包括,,B2
薄,,B2
宝,,B2
宝宝,,B2
宝贝,,B2
宝贵,,B2
宝石,,B2
保密,,B2
保守,,B2
抱,,B2
背景,,B2
倍,,B2
被迫,,B2
本科,,B2
笨,,B2
比分,,B2
毕业,,B2
毕业生,,B2
避,,B2
避免,,B2
编,,B2
辩论,,B2
标志,,B2
表情,,B2
表扬,,B2
冰,,B2
冰箱,,B2
冰雪,,B2
兵,,B2
不管,,B2
不然,,B2
不要紧,,B2
不在乎,,B2
布置,,B2
步行,,B2
擦,,B2
材料,,B2
财产,,B2
财富,,B2
采访,,B2
参考,,B2
参与,,B2
操场,,B2
操作,,B2
测,,B2
测量,,B2
测试,,B2
曾,,B2
茶叶,,B2
产品,,B2
常识,,B2
唱片,,B2
抄,,B2
抄写,,B2
潮,,B2
潮流,,B2
潮湿,,B2
彻底,,B2
沉,,B2
沉默,,B2
沉重,,B2
称赞,,B2
成人,,B2
承担,,B2
承认,,B2
承受,,B2
诚实,,B2
诚信,,B2
程序,,B2
吃惊,,B2
迟到,,B2
尺,,B2
尺寸,,B2
尺子,,B2
充电,,B2
充电器,,B2
充分,,B2
冲,,B2
虫子,,B2
抽,,B2
抽奖,,B2
抽烟,,B2
出色,,B2
出售,,B2
出席,,B2
处,,B2
处于,,B2
穿上,,B2
传统,,B2
窗户,,B2
窗台,,B2
窗子,,B2
春季,,B2
纯,,B2
纯净水,,B2
词汇,,B2
此,,B2
此外,,B2
刺,,B2
刺激,,B2
从此,,B2
粗,,B2
粗心,,B2
促进,,B2
促使,,B2
促销,,B2
措施,,B2
答案,,B2
打败,,B2
打雷,,B2
打扫,,B2
打折,,B2
打针,,B2
大巴,,B2
大多,,B2
大方,,B2
大哥,,B2
大规模,,B2
大会,,B2
大姐,,B2
大楼,,B2
大陆,,B2
大妈,,B2
大型,,B2
大爷,,B2
大众,,B2
代替,,B2
待遇,,B2
袋,,B2
戴,,B2
单,,B2
单纯,,B2
单调,,B2
单独,,B2
担保,,B2
担任,,B2
担心,,B2
淡,,B2
导游,,B2
导致,,B2
倒闭,,B2
倒车,,B2
地面,,B2
地位,,B2
地下,,B2
地址,,B2
的确,,B2
得意,,B2
灯光,,B2
登,,B2
登记,,B2
登录,,B2
登山,,B2
敌人,,B2
底,,B2
典型,,B2
点名,,B2
电灯,,B2
电动车,,B2
电梯,,B2
电源,,B2
调皮,,B2
顶,,B2
定,,B2
冬季,,B2
动画片,,B2
动摇,,B2
豆腐,,B2
独立,,B2
独特,,B2
独自,,B2
堵,,B2
堵车,,B2
肚子,,B2
度过,,B2
锻炼,,B2
对比,,B2
对付,,B2
对于,,B2
多次,,B2
多年,,B2
多样,,B2
多种,,B2
恶心,,B2
儿童,,B2
而,,B2
而是,,B2
耳机,,B2
二手,,B2
发挥,,B2
发票,,B2
发烧,,B2
法,,B2
法官,,B2
法律,,B2
法院,,B2
翻,,B2
翻译,,B2
烦,,B2
反,,B2
反而,,B2
反映,,B2
方,,B2
方案,,B2
方针,,B2
放松,,B2
非,,B2
肥,,B2
分布,,B2
分散,,B2
分手,,B2
分为,,B2
分之,,B2
纷纷,,B2
奋斗,,B2
风格,,B2
风景,,B2
风俗,,B2
封闭,,B2
否则,,B2
符号,,B2
符合,,B2
付出,,B2
负担,,B2
附近,,B2
复制,,B2
夫妇,,B2
夫妻,,B2
夫人,,B2
改善,,B2
改正,,B2
盖,,B2
概括,,B2
感兴趣,,B2
高潮,,B2
高价,,B2
高尚,,B2
高铁,,B2
格外,,B2
隔,,B2
隔开,,B2
个别,,B2
个体,,B2
各个,,B2
根,,B2
根据,,B2
工程,,B2
公元,,B2
供应,,B2
共,,B2
构成,,B2
构造,,B2
购买,,B2
购物,,B2
骨头,,B2
固定,,B2
瓜,,B2
怪,,B2
关闭,,B2
关于,,B2
官,,B2
官方,,B2
光临,,B2
光盘,,B2
逛,,B2
归,,B2
规律,,B2
规模,,B2
规则,,B2
果实,,B2
过分,,B2
海水,,B2
海鲜,,B2
含,,B2
含量,,B2
含义,,B2
含有,,B2
寒假,,B2
寒冷,,B2
航班,,B2
航空,,B2
毫米,,B2
毫升,,B2
好友,,B2
号码,,B2
合同,,B2
黑暗,,B2
红包,,B2
后头,,B2
厚,,B2
呼吸,,B2
忽视,,B2
户,,B2
护士,,B2
划,,B2
怀念,,B2
怀疑,,B2
缓解,,B2
黄瓜,,B2
黄金,,B2
回复,,B2
汇,,B2
汇报,,B2
汇率,,B2
会计,,B2
婚礼,,B2
伙,,B2
伙伴,,B2
或许,,B2
货,,B2
获,,B2
获得,,B2
获奖,,B2
获取,,B2
机构,,B2
机遇,,B2
积累,,B2
激动,,B2
激烈,,B2
及格,,B2
即将,,B2
极,,B2
极其,,B2
急忙,,B2
集合,,B2
几乎,,B2
记载,,B2
纪律,,B2
技巧,,B2
季,,B2
季度,,B2
季节,,B2
既,,B2
既然,,B2
寄,,B2
加班,,B2
加入,,B2
加油站,,B2
家务,,B2
假如,,B2
坚固,,B2
减,,B2
减肥,,B2
减少,,B2
检测,,B2
简历,,B2
健身,,B2
渐渐,,B2
江,,B2
讲究,,B2
讲座,,B2
奖,,B2
奖金,,B2
奖学金,,B2
降,,B2
降低,,B2
降价,,B2
降落,,B2
降温,,B2
交换,,B2
交际,,B2
角色,,B2
教授,,B2
教训,,B2
阶段,,B2
街道,,B2
节省,,B2
结,,B2
结构,,B2
结论,,B2
解释,,B2
姐妹,,B2
尽快,,B2
尽力,,B2
紧密,,B2
近代,,B2
进口,,B2
禁止,,B2
经典,,B2
精力,,B2
竟然,,B2
镜头,,B2
镜子,,B2
究竟,,B2
酒吧,,B2
居民,,B2
居住,,B2
局,,B2
巨大,,B2
具备,,B2
距离,,B2
聚,,B2
聚会,,B2
卷,,B2
开花,,B2
开水,,B2
看不起,,B2
看来,,B2
看望,,B2
考察,,B2
考虑,,B2
棵,,B2
可见,,B2
空间,,B2
口袋,,B2
口语,,B2
苦,,B2
快递,,B2
宽,,B2
宽广,,B2
矿泉水,,B2
扩大,,B2
扩展,,B2
括号,,B2
垃圾,,B2
拉开,,B2
辣,,B2
来不及,,B2
来得及,,B2
来源,,B2
老公,,B2
老家,,B2
老婆,,B2
老实,,B2
乐趣,,B2
了不起,,B2
了解,,B2
泪,,B2
泪水,,B2
类型,,B2
冷静,,B2
厘米,,B2
离不开,,B2
力气,,B2
历史,,B2
立即,,B2
利息,,B2
利益,,B2
俩,,B2
良好,,B2
粮食,,B2
两边,,B2
量,,B2
疗养,,B2
列,,B2
列车,,B2
列入,,B2
列为,,B2
临时,,B2
零食,,B2
流传,,B2
楼梯,,B2
陆地,,B2
陆续,,B2
录取,,B2
律师,,B2
率先,,B2
轮,,B2
轮船,,B2
轮椅,,B2
轮子,,B2
论文,,B2
落,,B2
毛巾,,B2
毛衣,,B2
帽子,,B2
没错,,B2
没法儿,,B2
没想到,,B2
美金,,B2
美女,,B2
梦,,B2
梦见,,B2
梦想,,B2
秘密,,B2
秘书,,B2
密,,B2
密码,,B2
密切,,B2
免费,,B2
面临,,B2
面试,,B2
描述,,B2
描写,,B2
名牌儿,,B2
名片,,B2
名人,,B2
摸,,B2
模特儿,,B2
模型,,B2
末,,B2
默默,,B2
哪怕,,B2
男女,,B2
男士,,B2
难免,,B2
脑袋,,B2
闹,,B2
闹钟,,B2
内部,,B2
内科,,B2
能干,,B2
宁静,,B2
浓,,B2
女士,,B2
暖气,,B2
拍照,,B2
排列,,B2
牌,,B2
盘,,B2
盘子,,B2
胖子,,B2
培训,,B2
培训班,,B2
培养,,B2
培育,,B2
批,,B2
片面,,B2
品质,,B2
平方,,B2
平静,,B2
平均,,B2
平稳,,B2
迫切,,B2
破产,,B2
妻子,,B2
期待,,B2
期间,,B2
期末,,B2
期限,,B2
期中,,B2
其余,,B2
企业,,B2
气球,,B2
汽水,,B2
汽油,,B2
器官,,B2
前头,,B2
前途,,B2
浅,,B2
巧克力,,B2
切,,B2
亲爱,,B2
亲密,,B2
青春,,B2
轻松,,B2
轻易,,B2
清醒,,B2
情景,,B2
穷,,B2
穷人,,B2
秋季,,B2
趋势,,B2
圈,,B2
权利,,B2
却,,B2
确认,,B2
然而,,B2
燃料,,B2
燃烧,,B2
热闹,,B2
热心,,B2
人家,,B2
日记,,B2
日历,,B2
如今,,B2
弱,,B2
伞,,B2
散,,B2
扫,,B2
色,,B2
色彩,,B2
晒,,B2
闪,,B2
闪电,,B2
善良,,B2
善于,,B2
伤害,,B2
商务,,B2
赏,,B2
上个月,,B2
上楼,,B2
上门,,B2
烧,,B2
设施,,B2
设置,,B2
申请,,B2
身材,,B2
身份,,B2
身高,,B2
深厚,,B2
甚至,,B2
神话,,B2
神秘,,B2
失败,,B2
失望,,B2
失业,,B2
诗,,B2
诗人,,B2
湿,,B2
实施,,B2
实用,,B2
食堂,,B2
使劲,,B2
士兵,,B2
市区,,B2
似的,,B2
似乎,,B2
事物,,B2
事先,,B2
试卷,,B2
是否,,B2
收回,,B2
收获,,B2
收益,,B2
手工,,B2
手里,,B2
手术,,B2
手套,,B2
守,,B2
首,,B2
受不了,,B2
售货员,,B2
叔叔,,B2
舒适,,B2
熟练,,B2
暑假,,B2
树林,,B2
树叶,,B2
数据,,B2
数码,,B2
刷,,B2
刷牙,,B2
刷子,,B2
帅,,B2
帅哥,,B2
睡着,,B2
顺序,,B2
说不定,,B2
说服,,B2
思考,,B2
松,,B2
松树,,B2
塑料,,B2
塑料袋,,B2
酸,,B2
酸奶,,B2
随手,,B2
孙女,,B2
孙子,,B2
缩短,,B2
缩小,,B2
台阶,,B2
台上,,B2
躺,,B2
套餐,,B2
特价,,B2
特殊,,B2
特征,,B2
提供,,B2
提醒,,B2
体操,,B2
体检,,B2
体重,,B2
替,,B2
替代,,B2
天真,,B2
填,,B2
填空,,B2
挑,,B2
挑选,,B2
挑战,,B2
贴,,B2
停下,,B2
通知书,,B2
同情,,B2
童话,,B2
童年,,B2
统计,,B2
统一,,B2
痛快,,B2
投,,B2
投入,,B2
投诉,,B2
投资,,B2
透,,B2
透明,,B2
图案,,B2
途中,,B2
土地,,B2
推迟,,B2
推销,,B2
脱,,B2
袜子,,B2
外汇,,B2
外交官,,B2
外套,,B2
弯,,B2
晚点,,B2
万一,,B2
王,,B2
网络,,B2
网址,,B2
微笑,,B2
微信,,B2
围巾,,B2
维持,,B2
维护,,B2
维修,,B2
尾巴,,B2
未必,,B2
未来,,B2
位于,,B2
位置,,B2
味儿,,B2
稳,,B2
稳定,,B2
问候,,B2
无,,B2
无法,,B2
无聊,,B2
无论,,B2
无数,,B2
无所谓,,B2
无限,,B2
五颜六色,,B2
误会,,B2
吸,,B2
吸管,,B2
吸收,,B2
吸烟,,B2
吸引,,B2
喜爱,,B2
系列,,B2
系统,,B2
细,,B2
细节,,B2
细致,,B2
西瓜,,B2
下个月,,B2
下降,,B2
下楼,,B2
下载,,B2
夏季,,B2
鲜,,B2
鲜花,,B2
鲜明,,B2
咸,,B2
显著,,B2
县,,B2
限制,,B2
相处,,B2
相反,,B2
相片,,B2
箱,,B2
箱子,,B2
想念,,B2
想象,,B2
项,,B2
项目,,B2
消化,,B2
销售,,B2
小吃,,B2
小伙子,,B2
小型,,B2
效率,,B2
些,,B2
心理,,B2
新郎,,B2
新娘,,B2
新鲜,,B2
新型,,B2
行业,,B2
形容,,B2
形势,,B2
型,,B2
型号,,B2
醒,,B2
兴奋,,B2
兴趣,,B2
性质,,B2
兄弟,,B2
胸部,,B2
修理,,B2
选择,,B2
学分,,B2
学年,,B2
学时,,B2
学术,,B2
学问,,B2
寻找,,B2
迅速,,B2
牙,,B2
牙刷,,B2
亚运会,,B2
呀,,B2
延期,,B2
延续,,B2
延长,,B2
严,,B2
严格,,B2
严重,,B2
研究,,B2
研究生,,B2
研制,,B2
盐,,B2
眼镜,,B2
眼泪,,B2
眼里,,B2
演讲,,B2
阳台,,B2
养成,,B2
腰,,B2
摇,,B2
药物,,B2
业余,,B2
叶子,,B2
一般来说,,B2
一律,,B2
一再,,B2
一致,,B2
医疗,,B2
医学,,B2
依靠,,B2
依然,,B2
移,,B2
移动,,B2
移民,,B2
遗产,,B2
遗传,,B2
疑问,,B2
以及,,B2
以内,,B2
义务,,B2
议论,,B2
引,,B2
引导,,B2
引进,,B2
引起,,B2
应,,B2
英勇,,B2
营业,,B2
赢得,,B2
影子,,B2
勇敢,,B2
勇气,,B2
用途,,B2
优良,,B2
优美,,B2
优秀,,B2
邮局,,B2
有劲儿,,B2
有趣,,B2
有限,,B2
幼儿园,,B2
于是,,B2
语法,,B2
语音,,B2
玉,,B2
玉米,,B2
预测,,B2
预订,,B2
遇,,B2
遇到,,B2
遇见,,B2
原料,,B2
原则,,B2
圆,,B2
圆满,,B2
约会,,B2
月底,,B2
阅读,,B2
运动会,,B2
运动员,,B2
运气,,B2
运用,,B2
再三,,B2
在乎,,B2
在于,,B2
赞成,,B2
赞赏,,B2
赞助,,B2
造型,,B2
战斗,,B2
战胜,,B2
战士,,B2
战争,,B2
长途,,B2
丈夫,,B2
招呼,,B2
召开,,B2
折,,B2
着火,,B2
着急,,B2
著名,,B2
著作,,B2
针,,B2
针对,,B2
阵,,B2
争论,,B2
征服,,B2
征求,,B2
政府,,B2
政治,,B2
之后,,B2
之间,,B2
之前,,B2
之一,,B2
植物,,B2
指挥,,B2
制订,,B2
治,,B2
治疗,,B2
质量,,B2
智力,,B2
智能,,B2
中奖,,B2
中介,,B2
种类,,B2
种植,,B2
重量,,B2
逐步,,B2
逐渐,,B2
主题,,B2
主席,,B2
祝福,,B2
抓紧,,B2
专心,,B2
转动,,B2
转告,,B2
转身,,B2
转弯,,B2
转移,,B2
装修,,B2
装置,,B2
追求,,B2
准时,,B2
资料,,B2
资源,,B2
字母,,B2
自,,B2
自信,,B2
综合,,B2
总共,,B2
总理,,B2
总统,,B2
总之,,B2
阻止,,B2
嘴巴,,B2
最初,,B2
作出,,B2
作为,,B2
做梦,,B2
安慰,,C1
岸,,C1
岸上,,C1
按摩,,C1
拔,,C1
白酒,,C1
拜访,,C1
版,,C1
扮演,,C1
棒,,C1
包围,,C1
包装,,C1
薄弱,,C1
保卫,,C1
保养,,C1
报答,,C1
报警,,C1
抱怨,,C1
悲剧,,C1
悲伤,,C1
北极,,C1
背包,,C1
被动,,C1
辈,,C1
本人,,C1
鼻子,,C1
比方,,C1
比重,,C1
彼此,,C1
必,,C1
必需,,C1
毕竟,,C1
闭幕,,C1
闭幕式,,C1
边境,,C1
编辑,,C1
变动,,C1
便利,,C1
便条,,C1
便于,,C1
宾馆,,C1
饼,,C1
饼干,,C1
病毒,,C1
玻璃,,C1
博客,,C1
博览会,,C1
博士,,C1
博物馆,,C1
补偿,,C1
补贴,,C1
不曾,,C1
不得了,,C1
不敢当,,C1
不顾,,C1
不利,,C1
不良,,C1
不免,,C1
不耐烦,,C1
不能不,,C1
不时,,C1
不停,,C1
不幸,,C1
不许,,C1
不易,,C1
不止,,C1
不足,,C1
部位,,C1
猜,,C1
猜测,,C1
裁判,,C1
采购,,C1
彩票,,C1
餐馆,,C1
餐厅,,C1
餐饮,,C1
草原,,C1
册,,C1
层次,,C1
叉,,C1
叉子,,C1
插,,C1
查询,,C1
差别,,C1
差点儿,,C1
差距,,C1
差一点儿,,C1
拆,,C1
拆除,,C1
产业,,C1
肠,,C1
尝,,C1
尝试,,C1
厂长,,C1
场面,,C1
倡导,,C1
超越,,C1
车主,,C1
称号,,C1
成本,,C1
成交,,C1
成效,,C1
成语,,C1
承办,,C1
城里,,C1
乘,,C1
乘车,,C1
乘客,,C1
乘坐,,C1
吃力,,C1
池子,,C1
迟,,C1
充足,,C1
冲动,,C1
冲突,,C1
愁,,C1
丑,,C1
臭,,C1
出版,,C1
出差,,C1
出汗,,C1
出于,,C1
初期,,C1
除非,,C1
除夕,,C1
厨房,,C1
处罚,,C1
处分,,C1
处在,,C1
传达,,C1
传递,,C1
传真,,C1
窗帘,,C1
闯,,C1
创立,,C1
辞典,,C1
辞职,,C1
此后,,C1
此刻,,C1
此时,,C1
聪明,,C1
从而,,C1
从中,,C1
脆,,C1
存款,,C1
寸,,C1
达成,,C1
答,,C1
答复,,C1
打扮,,C1
打包,,C1
打击,,C1
打架,,C1
打扰,,C1
大胆,,C1
大都,,C1
大纲,,C1
大伙儿,,C1
大奖赛,,C1
大脑,,C1
大事,,C1
大厅,,C1
大象,,C1
大熊猫,,C1
大于,,C1
大致,,C1
呆,,C1
代价,,C1
代理,,C1
带有,,C1
待,,C1
贷款,,C1
单一,,C1
胆,,C1
胆小,,C1
弹,,C1
蛋糕,,C1
当场,,C1
当代,,C1
当年,,C1
当前,,C1
当选,,C1
挡,,C1
到来,,C1
倒是,,C1
道德,,C1
地带,,C1
地形,,C1
地震,,C1
得了,,C1
得以,,C1
等候,,C1
等级,,C1
低于,,C1
递,,C1
递给,,C1
典礼,,C1
点燃,,C1
电池,,C1
电饭锅,,C1
电子版,,C1
调动,,C1
调节,,C1
调解,,C1
丢,,C1
动机,,C1
动手,,C1
动态,,C1
动员,,C1
冻,,C1
洞,,C1
豆制品,,C1
毒,,C1
堆,,C1
对立,,C1
对应,,C1
吨,,C1
躲,,C1
朵,,C1
儿女,,C1
耳朵,,C1
二维码,,C1
发布,,C1
发觉,,C1
发射,,C1
发行,,C1
罚,,C1
罚款,,C1
法规,,C1
法制,,C1
繁荣,,C1
返回,,C1
防治,,C1
放大,,C1
放弃,,C1
分成,,C1
分解,,C1
分类,,C1
分离,,C1
分析,,C1
分享,,C1
丰收,,C1
风度,,C1
风光,,C1
疯,,C1
疯狂,,C1
扶,,C1
服从,,C1
幅,,C1
幅度,,C1
福利,,C1
辅助,,C1
负责人,,C1
附件,,C1
改革,,C1
感想,,C1
干脆,,C1
干扰,,C1
干预,,C1
钢笔,,C1
钢琴,,C1
高大,,C1
高度,,C1
高跟鞋,,C1
高温,,C1
高于,,C1
高原,,C1
搞,,C1
搞好,,C1
歌曲,,C1
隔壁,,C1
个儿,,C1
跟前,,C1
跟随,,C1
更换,,C1
更新,,C1
工艺,,C1
工艺品,,C1
工作日,,C1
公告,,C1
公认,,C1
公式,,C1
公正,,C1
共计,,C1
共享,,C1
沟,,C1
沟通,,C1
估计,,C1
古老,,C1
鼓,,C1
鼓励,,C1
鼓掌,,C1
顾问,,C1
关怀,,C1
关键,,C1
冠军,,C1
光荣,,C1
光线,,C1
广,,C1
广泛,,C1
规划,,C1
鬼,,C1
柜子,,C1
滚,,C1
锅,,C1
国籍,,C1
国民,,C1
过度,,C1
过敏,,C1
过于,,C1
咳,,C1
害,,C1
汗,,C1
好运,,C1
号召,,C1
合并,,C1
合成,,C1
盒,,C1
盒饭,,C1
盒子,,C1
贺卡,,C1
恨,,C1
猴,,C1
后悔,,C1
胡同儿,,C1
胡子,,C1
虎,,C1
华语,,C1
滑,,C1
化石,,C1
划分,,C1
画面,,C1
环节,,C1
慌,,C1
慌忙,,C1
灰色,,C1
恢复,,C1
回报,,C1
回避,,C1
回顾,,C1
回收,,C1
回头,,C1
回信,,C1
回忆,,C1
汇款,,C1
会谈,,C1
活力,,C1
活泼,,C1
火柴,,C1
火腿,,C1
火灾,,C1
或是,,C1
机器人,,C1
机制,,C1
肌肉,,C1
基地,,C1
基金,,C1
即使,,C1
集团,,C1
挤,,C1
记忆,,C1
技能,,C1
继承,,C1
加热,,C1
加上,,C1
加速,,C1
加以,,C1
夹,,C1
甲,,C1
价,,C1
驾驶,,C1
驾照,,C1
坚定,,C1
间接,,C1
肩,,C1
艰苦,,C1
艰难,,C1
减轻,,C1
剪,,C1
剪刀,,C1
剪子,,C1
检验,,C1
建造,,C1
建筑,,C1
健全,,C1
键,,C1
键盘,,C1
将,,C1
将要,,C1
奖励,,C1
交代,,C1
郊区,,C1
胶带,,C1
胶水,,C1
脚步,,C1
接触,,C1
接连,,C1
解除,,C1
解放,,C1
戒,,C1
届,,C1
今日,,C1
尽管,,C1
尽可能,,C1
紧紧,,C1
近来,,C1
进化,,C1
经费,,C1
景象,,C1
警告,,C1
竞赛,,C1
竞争,,C1
酒鬼,,C1
救灾,,C1
居然,,C1
局面,,C1
局长,,C1
举动,,C1
拒绝,,C1
俱乐部,,C1
剧本,,C1
决不,,C1
绝望,,C1
军人,,C1
开幕,,C1
开幕式,,C1
看成,,C1
看出,,C1
看待,,C1
考核,,C1
烤肉,,C1
烤鸭,,C1
靠近,,C1
颗,,C1
可,,C1
可怜,,C1
可惜,,C1
渴望,,C1
客户,,C1
客气,,C1
客厅,,C1
课题,,C1
肯定,,C1
空中,,C1
控制,,C1
口号,,C1
库,,C1
快活,,C1
宽度,,C1
狂,,C1
亏,,C1
困扰,,C1
来信,,C1
烂,,C1
朗读,,C1
浪漫,,C1
劳动,,C1
梨,,C1
礼,,C1
礼拜,,C1
礼貌,,C1
厉害,,C1
立,,C1
立场,,C1
利润,,C1
例外,,C1
连接,,C1
联络,,C1
联想,,C1
脸盆,,C1
脸色,,C1
恋爱,,C1
两岸,,C1
邻居,,C1
铃,,C1
铃声,,C1
领带,,C1
令,,C1
流动,,C1
流通,,C1
漏,,C1
漏洞,,C1
率领,,C1
逻辑,,C1
落实,,C1
码头,,C1
骂,,C1
买卖,,C1
漫画,,C1
漫长,,C1
毛笔,,C1
矛盾,,C1
冒,,C1
贸易,,C1
煤,,C1
煤气,,C1
门诊,,C1
迷人,,C1
迷信,,C1
面貌,,C1
面子,,C1
秒,,C1
敏感,,C1
明亮,,C1
明明,,C1
命令,,C1
模范,,C1
模仿,,C1
模糊,,C1
模式,,C1
模样,,C1
摩擦,,C1
摩托,,C1
目光,,C1
耐心,,C1
男性,,C1
南北,,C1
南极,,C1
难得,,C1
难以,,C1
脑子,,C1
内在,,C1
能量,,C1
年度,,C1
年龄,,C1
年前,,C1
牛仔裤,,C1
农产品,,C1
女性,,C1
暖,,C1
偶尔,,C1
偶然,,C1
偶像,,C1
拍摄,,C1
排除,,C1
旁,,C1
陪,,C1
赔,,C1
赔偿,,C1
配备,,C1
配套,,C1
喷,,C1
盆,,C1
披,,C1
皮肤,,C1
皮鞋,,C1
脾气,,C1
匹,,C1
骗,,C1
骗子,,C1
拼,,C1
频道,,C1
频繁,,C1
品,,C1
品种,,C1
平坦,,C1
平原,,C1
评估,,C1
评论,,C1
凭,,C1
泼,,C1
葡萄,,C1
葡萄酒,,C1
期望,,C1
齐全,,C1
其,,C1
启动,,C1
启发,,C1
启事,,C1
起到,,C1
起码,,C1
气体,,C1
气象,,C1
签,,C1
签订,,C1
签名,,C1
签约,,C1
签证,,C1
签字,,C1
前景,,C1
前提,,C1
欠,,C1
枪,,C1
强度,,C1
强迫,,C1
墙壁,,C1
抢,,C1
抢救,,C1
悄悄,,C1
敲,,C1
敲门,,C1
瞧,,C1
琴,,C1
勤奋,,C1
青,,C1
清晨,,C1
清理,,C1
情节,,C1
情形,,C1
晴朗,,C1
区域,,C1
全都,,C1
全世界,,C1
泉,,C1
劝,,C1
缺乏,,C1
确立,,C1
群体,,C1
群众,,C1
染,,C1
绕,,C1
热量,,C1
热门,,C1
人间,,C1
人力,,C1
人士,,C1
人物,,C1
忍,,C1
忍不住,,C1
忍受,,C1
认,,C1
认定,,C1
扔,,C1
仍旧,,C1
如此,,C1
如同,,C1
如下,,C1
入门,,C1
软,,C1
软件,,C1
洒,,C1
散文,,C1
杀,,C1
杀毒,,C1
沙漠,,C1
傻,,C1
山区,,C1
扇,,C1
扇子,,C1
商标,,C1
上级,,C1
上下,,C1
上涨,,C1
稍,,C1
稍微,,C1
蛇,,C1
舍不得,,C1
舍得,,C1
设想,,C1
社,,C1
社区,,C1
射,,C1
射击,,C1
摄像,,C1
摄像机,,C1
摄影,,C1
摄影师,,C1
伸,,C1
深处,,C1
深度,,C1
神,,C1
神经,,C1
神奇,,C1
神情,,C1
升高,,C1
生成,,C1
声,,C1
胜负,,C1
剩,,C1
剩下,,C1
失误,,C1
师傅,,C1
诗歌,,C1
十足,,C1
时常,,C1
时光,,C1
时机,,C1
时事,,C1
实惠,,C1
使得,,C1
示范,,C1
式,,C1
势力,,C1
视频,,C1
视为,,C1
试图,,C1
拾,,C1
收购,,C1
收集,,C1
收拾,,C1
手段,,C1
手法,,C1
寿司,,C1
受灾,,C1
瘦,,C1
书法,,C1
书柜,,C1
书桌,,C1
输出,,C1
蔬菜,,C1
熟悉,,C1
鼠,,C1
鼠标,,C1
数目,,C1
摔,,C1
摔倒,,C1
双手,,C1
水产品,,C1
水分,,C1
水库,,C1
水灾,,C1
睡眠,,C1
说法,,C1
硕士,,C1
私人,,C1
思维,,C1
四周,,C1
搜,,C1
搜索,,C1
宿舍,,C1
酸甜苦辣,,C1
随后,,C1
随意,,C1
随着,,C1
岁月,,C1
碎,,C1
损害,,C1
损失,,C1
所在,,C1
锁,,C1
台风,,C1
抬,,C1
抬头,,C1
太空,,C1
逃,,C1
逃跑,,C1
逃走,,C1
桃,,C1
桃花,,C1
桃树,,C1
讨厌,,C1
特定,,C1
特性,,C1
特有,,C1
提倡,,C1
提起,,C1
提示,,C1
题材,,C1
体积,,C1
体力,,C1
天才,,C1
天然气,,C1
天文,,C1
厅,,C1
停留,,C1
通用,,C1
偷,,C1
偷偷,,C1
突破,,C1
土豆,,C1
吐,,C1
兔,,C1
团长,,C1
推行,,C1
脱离,,C1
外界,,C1
完了,,C1
微博,,C1
围绕,,C1
违法,,C1
违反,,C1
违规,,C1
唯一,,C1
委托,,C1
卫星,,C1
为难,,C1
为期,,C1
为止,,C1
为主,,C1
胃,,C1
慰问,,C1
温和,,C1
文艺,,C1
卧室,,C1
握,,C1
污染,,C1
污水,,C1
屋,,C1
无奈,,C1
无疑,,C1
舞,,C1
物价,,C1
物业,,C1
物质,,C1
误解,,C1
喜剧,,C1
戏,,C1
戏剧,,C1
西红柿,,C1
西装,,C1
吓,,C1
先后,,C1
先前,,C1
鲜艳,,C1
闲,,C1
显,,C1
现有,,C1
现状,,C1
线索,,C1
献,,C1
乡,,C1
乡村,,C1
相等,,C1
相声,,C1
相应,,C1
香肠,,C1
详细,,C1
享受,,C1
向导,,C1
向前,,C1
向上,,C1
象征,,C1
消除,,C1
消毒,,C1
消防,,C1
消费者,,C1
消极,,C1
小偷儿,,C1
歇,,C1
协议,,C1
协议书,,C1
斜,,C1
心态,,C1
心疼,,C1
辛苦,,C1
欣赏,,C1
信念,,C1
信箱,,C1
行驶,,C1
形态,,C1
性能,,C1
雄伟,,C1
熊,,C1
休闲,,C1
修复,,C1
修建,,C1
修养,,C1
虚心,,C1
许可,,C1
选修,,C1
学科,,C1
学位,,C1
学者,,C1
寻求,,C1
询问,,C1
押金,,C1
鸭子,,C1
亚军,,C1
延伸,,C1
严厉,,C1
严肃,,C1
言语,,C1
研究所,,C1
眼光,,C1
邀请,,C1
摇头,,C1
咬,,C1
也好,,C1
业务,,C1
夜间,,C1
一辈子,,C1
一带,,C1
一旦,,C1
一句话,,C1
一口气,,C1
一流,,C1
一路,,C1
一身,,C1
一下子,,C1
一向,,C1
依法,,C1
依旧,,C1
依据,,C1
依照,,C1
乙,,C1
以便,,C1
以往,,C1
意识,,C1
意味着,,C1
意志,,C1
因而,,C1
饮料,,C1
饮食,,C1
印刷,,C1
硬,,C1
硬件,,C1
拥抱,,C1
拥有,,C1
用不着,,C1
用户,,C1
用来,,C1
用于,,C1
优惠,,C1
优先,,C1
幽默,,C1
尤其,,C1
由此,,C1
犹豫,,C1
游泳池,,C1
有毒,,C1
有害,,C1
有力,,C1
有利于,,C1
有着,,C1
友谊,,C1
羽毛球,,C1
羽绒服,,C1
雨水,,C1
预备,,C1
预期,,C1
元旦,,C1
园林,,C1
原理,,C1
原始,,C1
原先,,C1
原有,,C1
远处,,C1
怨,,C1
愿,,C1
约束,,C1
月饼,,C1
月球,,C1
阅览室,,C1
运,,C1
运行,,C1
灾,,C1
灾害,,C1
灾难,,C1
灾区,,C1
再次,,C1
再也,,C1
在场,,C1
在内,,C1
暂时,,C1
暂停,,C1
糟,,C1
糟糕,,C1
早期,,C1
增,,C1
增产,,C1
增大,,C1
增多,,C1
增强,,C1
赠,,C1
赠送,,C1
摘,,C1
展览,,C1
展示,,C1
展现,,C1
占领,,C1
占有,,C1
长度,,C1
长寿,,C1
涨,,C1
涨价,,C1
掌握,,C1
招生,,C1
招手,,C1
珍贵,,C1
珍惜,,C1
珍珠,,C1
真诚,,C1
真理,,C1
真相,,C1
诊断,,C1
振动,,C1
震惊,,C1
争议,,C1
挣,,C1
挣钱,,C1
正版,,C1
正规,,C1
正如,,C1
正义,,C1
证实,,C1
证书,,C1
之内,,C1
之外,,C1
之下,,C1
之中,,C1
支出,,C1
支配,,C1
执行,,C1
直线,,C1
值班,,C1
职能,,C1
职位,,C1
职务,,C1
只不过,,C1
只见,,C1
指标,,C1
指甲,,C1
指示,,C1
指责,,C1
至,,C1
制成,,C1
制约,,C1
治安,,C1
治理,,C1
中毒,,C1
中断,,C1
中秋节,,C1
中央,,C1
中药,,C1
终点,,C1
终身,,C1
终止,,C1
众多,,C1
周期,,C1
竹子,,C1
主办,,C1
主导,,C1
主观,,C1
主管,,C1
主体,,C1
助理,,C1
助手,,C1
注册,,C1
注射,,C1
注视,,C1
注重,,C1
祝贺,,C1
专辑,,C1
专利,,C1
转化,,C1
转换,,C1
转让,,C1
转向,,C1
装饰,,C1
撞,,C1
资本,,C1
资产,,C1
资助,,C1
仔细,,C1
紫,,C1
自豪,,C1
自杀,,C1
自愿,,C1
子弹,,C1
总裁,,C1
总数,,C1
总算,,C1
总体,,C1
阻碍,,C1
组织,,C1
醉,,C1
尊敬,,C1
尊重,,C1
遵守,,C1
挨,,C2
挨打,,C2
挨着,,C2
安检,,C2
罢工,,C2
罢了,,C2
白领,,C2
百分点,,C2
办公,,C2
办事处,,C2
办学,,C2
半决赛,,C2
傍晚,,C2
保健,,C2
报刊,,C2
报考,,C2
抱歉,,C2
暴风雨,,C2
暴力,,C2
暴露,,C2
暴雨,,C2
爆,,C2
爆发,,C2
爆炸,,C2
悲惨,,C2
背心,,C2
背着,,C2
被告,,C2
奔跑,,C2
本地,,C2
本期,,C2
本身,,C2
本土,,C2
本质,,C2
逼,,C2
笔试,,C2
必将,,C2
必修,,C2
闭,,C2
边缘,,C2
编制,,C2
扁,,C2
变更,,C2
变换,,C2
变形,,C2
便,,C2
便是,,C2
遍地,,C2
表面上,,C2
病房,,C2
病情,,C2
拨打,,C2
波动,,C2
波浪,,C2
播,,C2
补考,,C2
补课,,C2
补习,,C2
补助,,C2
捕,,C2
不便,,C2
不成,,C2
不见,,C2
不仅仅,,C2
不禁,,C2
不料,,C2
不通,,C2
不再,,C2
不怎么,,C2
不怎么样,,C2
不值,,C2
不至于,,C2
布满,,C2
部队,,C2
采纳,,C2
踩,,C2
参赛,,C2
参展,,C2
餐,,C2
残疾,,C2
残疾人,,C2
残酷,,C2
惨,,C2
仓库,,C2
藏,,C2
操纵,,C2
侧,,C2
厕所,,C2
测定,,C2
策略,,C2
策划,,C2
层面,,C2
查出,,C2
查看,,C2
差异,,C2
拆迁,,C2
产量,,C2
昌盛,,C2
常规,,C2
常年,,C2
厂商,,C2
场地,,C2
场馆,,C2
场景,,C2
畅通,,C2
超,,C2
超出,,C2
炒,,C2
炒股,,C2
炒作,,C2
车号,,C2
车牌,,C2
车展,,C2
撤离,,C2
撤销,,C2
撑,,C2
成分,,C2
成品,,C2
承诺,,C2
城区,,C2
城乡,,C2
城镇,,C2
持有,,C2
冲击,,C2
崇拜,,C2
宠物,,C2
出场,,C2
出动,,C2
出访,,C2
出路,,C2
出面,,C2
出名,,C2
出入,,C2
出事,,C2
出台,,C2
出行,,C2
初等,,C2
除,,C2
厨师,,C2
储存,,C2
处处,,C2
处长,,C2
传出,,C2
传媒,,C2
传输,,C2
传言,,C2
船员,,C2
船长,,C2
船只,,C2
串,,C2
窗口,,C2
创办,,C2
创建,,C2
创意,,C2
此处,,C2
此次,,C2
此前,,C2
此事,,C2
此致,,C2
次数,,C2
从不,,C2
从没,,C2
醋,,C2
村庄,,C2
错过,,C2
搭,,C2
搭档,,C2
搭配,,C2
打动,,C2
打断,,C2
打发,,C2
打官司,,C2
打牌,,C2
打印机,,C2
打造,,C2
大道,,C2
大街,,C2
大力,,C2
大米,,C2
大批,,C2
大赛,,C2
大师,,C2
大使,,C2
待会儿,,C2
单打,,C2
担忧,,C2
诞生,,C2
当成,,C2
当天,,C2
当作,,C2
党,,C2
档,,C2
档案,,C2
岛,,C2
到期,,C2
盗版,,C2
道教,,C2
道歉,,C2
地板,,C2
地名,,C2
地下室,,C2
低头,,C2
低温,,C2
滴,,C2
抵达,,C2
抵抗,,C2
电车,,C2
电动,,C2
电力,,C2
电器,,C2
吊,,C2
调研,,C2
跌,,C2
定价,,C2
定时,,C2
定位,,C2
动画,,C2
都市,,C2
斗争,,C2
毒品,,C2
赌,,C2
赌博,,C2
渡,,C2
端,,C2
端午节,,C2
短片,,C2
队伍,,C2
对抗,,C2
对外,,C2
蹲,,C2
多半,,C2
多方面,,C2
多媒体,,C2
夺,,C2
夺取,,C2
恩人,,C2
儿科,,C2
发病,,C2
发电,,C2
发放,,C2
发怒,,C2
发起,,C2
发言人,,C2
发炎,,C2
法庭,,C2
法语,,C2
番,,C2
番茄,,C2
凡是,,C2
繁殖,,C2
反抗,,C2
反问,,C2
反响,,C2
犯,,C2
犯规,,C2
犯罪,,C2
防范,,C2
防守,,C2
房价,,C2
仿佛,,C2
飞船,,C2
飞行员,,C2
肺,,C2
分工,,C2
分裂,,C2
愤怒,,C2
风暴,,C2
峰会,,C2
奉献,,C2
佛,,C2
佛教,,C2
服,,C2
浮,,C2
父女,,C2
父子,,C2
妇女,,C2
负,,C2
复苏,,C2
副,,C2
富人,,C2
富有,,C2
改装,,C2
杆,,C2
肝,,C2
赶不上,,C2
赶忙,,C2
赶上,,C2
敢于,,C2
感人,,C2
干涉,,C2
刚好,,C2
岗位,,C2
港口,,C2
高层,,C2
高档,,C2
高等,,C2
高峰,,C2
高考,,C2
高科技,,C2
高手,,C2
稿子,,C2
歌唱,,C2
歌词,,C2
歌星,,C2
革新,,C2
给予,,C2
更是,,C2
工商,,C2
公,,C2
公安,,C2
公鸡,,C2
公众,,C2
公主,,C2
攻击,,C2
供给,,C2
宫,,C2
巩固,,C2
贡献,,C2
构建,,C2
姑姑,,C2
孤独,,C2
孤儿,,C2
古典,,C2
股,,C2
股东,,C2
股票,,C2
故障,,C2
顾,,C2
刮,,C2
拐,,C2
关爱,,C2
关联,,C2
观光,,C2
官司,,C2
管道,,C2
光辉,,C2
广阔,,C2
轨道,,C2
跪,,C2
国产,,C2
国歌,,C2
国会,,C2
国旗,,C2
国王,,C2
果酱,,C2
果树,,C2
过渡,,C2
过后,,C2
过时,,C2
海报,,C2
海底,,C2
海军,,C2
海浪,,C2
海外,,C2
海湾,,C2
海洋,,C2
好不容易,,C2
好容易,,C2
好似,,C2
好学,,C2
好转,,C2
合约,,C2
和谐,,C2
核心,,C2
黑夜,,C2
很难说,,C2
狠,,C2
横,,C2
衡量,,C2
宏大,,C2
洪水,,C2
忽略,,C2
壶,,C2
互动,,C2
户外,,C2
护,,C2
花费,,C2
花瓶,,C2
花生,,C2
化解,,C2
幻想,,C2
患者,,C2
皇帝,,C2
回应,,C2
毁,,C2
会见,,C2
会长,,C2
绘画,,C2
昏,,C2
混,,C2
混合,,C2
混乱,,C2
活跃,,C2
火箭,,C2
机动车,,C2
机关,,C2
机械,,C2
基督教,,C2
激情,,C2
吉利,,C2
吉祥,,C2
极端,,C2
急救,,C2
疾病,,C2
集,,C2
加盟,,C2
茄子,,C2
家电,,C2
家园,,C2
嘉宾,,C2
假日,,C2
尖,,C2
监测,,C2
监督,,C2
捡,,C2
简介,,C2
剑,,C2
鉴定,,C2
箭,,C2
将军,,C2
讲课,,C2
酱,,C2
酱油,,C2
骄傲,,C2
焦点,,C2
脚印,,C2
教堂,,C2
教育部,,C2
接收,,C2
揭,,C2
街头,,C2
节假日,,C2
节能,,C2
节奏,,C2
杰出,,C2
截止,,C2
截至,,C2
解,,C2
解说,,C2
界,,C2
借鉴,,C2
金额,,C2
金钱,,C2
金融,,C2
尽,,C2
近日,,C2
近视,,C2
进攻,,C2
惊人,,C2
惊喜,,C2
精,,C2
精美,,C2
精品,,C2
井,,C2
景,,C2
景点,,C2
净,,C2
纠纷,,C2
纠正,,C2
酒水,,C2
救命,,C2
救援,,C2
救助,,C2
就是说,,C2
就算,,C2
剧,,C2
据,,C2
捐,,C2
捐款,,C2
捐赠,,C2
捐助,,C2
决策,,C2
绝,,C2
绝大多数,,C2
觉,,C2
觉悟,,C2
军队,,C2
军舰,,C2
军事,,C2
开创,,C2
开关,,C2
开设,,C2
开通,,C2
开头,,C2
开夜车,,C2
看得见,,C2
看得起,,C2
看管,,C2
看好,,C2
看作,,C2
康复,,C2
抗议,,C2
考场,,C2
考题,,C2
科研,,C2
客车,,C2
肯,,C2
空军,,C2
口试,,C2
扣,,C2
酷,,C2
跨,,C2
快车,,C2
宽阔,,C2
矿,,C2
阔,,C2
啦,,C2
来往,,C2
赖,,C2
栏目,,C2
蓝领,,C2
蓝天,,C2
懒,,C2
牢,,C2
老乡,,C2
乐曲,,C2
冷气,,C2
冷水,,C2
礼堂,,C2
理,,C2
理财,,C2
理智,,C2
利,,C2
联盟,,C2
联赛,,C2
联手,,C2
凉鞋,,C2
两侧,,C2
两手,,C2
聊,,C2
聊天儿,,C2
料,,C2
裂,,C2
灵活,,C2
领取,,C2
领袖,,C2
另,,C2
流感,,C2
留言,,C2
楼道,,C2
楼房,,C2
陆军,,C2
录像,,C2
录音机,,C2
路过,,C2
露,,C2
旅店,,C2
绿化,,C2
马车,,C2
嘛,,C2
埋,,C2
馒头,,C2
慢车,,C2
盲人,,C2
没收,,C2
梅花,,C2
美容,,C2
蒙,,C2
猛,,C2
秘书长,,C2
棉,,C2
免得,,C2
面对面,,C2
面向,,C2
妙,,C2
灭,,C2
民歌,,C2
民工,,C2
民警,,C2
民意,,C2
民主,,C2
名额,,C2
名胜,,C2
名义,,C2
名誉,,C2
明日,,C2
命,,C2
膜,,C2
磨,,C2
墨水,,C2
母,,C2
母鸡,,C2
母女,,C2
母子,,C2
墓,,C2
拿走,,C2
奶粉,,C2
奶牛,,C2
难忘,,C2
内地,,C2
内外,,C2
内衣,,C2
能否,,C2
泥,,C2
扭,,C2
排行榜,,C2
派出,,C2
判,,C2
盼望,,C2
泡,,C2
炮,,C2
陪同,,C2
配置,,C2
皮球,,C2
偏,,C2
贫困,,C2
品牌,,C2
聘请,,C2
平凡,,C2
平方米,,C2
平衡,,C2
平台,,C2
评,,C2
评选,,C2
屏幕,,C2
坡,,C2
扑,,C2
铺,,C2
欺负,,C2
奇妙,,C2
企图,,C2
起点,,C2
起诉,,C2
气氛,,C2
恰当,,C2
恰好,,C2
恰恰,,C2
牵,,C2
铅笔,,C2
谦虚,,C2
前方,,C2
前来,,C2
潜力,,C2
强盗,,C2
强化,,C2
强势,,C2
强壮,,C2
桥梁,,C2
巧妙,,C2
切实,,C2
亲属,,C2
亲眼,,C2
侵犯,,C2
倾向,,C2
清,,C2
清洁,,C2
清洁工,,C2
清明节,,C2
清洗,,C2
情绪,,C2
求职,,C2
球拍,,C2
球星,,C2
球员,,C2
区分,,C2
渠道,,C2
取款,,C2
取款机,,C2
去掉,,C2
全力,,C2
全新,,C2
权,,C2
权力,,C2
券,,C2
缺陷,,C2
却是,,C2
让座,,C2
热点,,C2
热水,,C2
热水器,,C2
热线,,C2
人权,,C2
认同,,C2
日夜,,C2
日语,,C2
融合,,C2
融入,,C2
如,,C2
如一,,C2
乳制品,,C2
入,,C2
入学,,C2
若,,C2
塞,,C2
赛,,C2
赛场,,C2
三明治,,C2
丧失,,C2
山峰,,C2
山谷,,C2
山坡,,C2
伤口,,C2
伤亡,,C2
伤员,,C2
商城,,C2
上班族,,C2
上当,,C2
上帝,,C2
上市,,C2
上台,,C2
上演,,C2
勺,,C2
少儿,,C2
舌头,,C2
设计师,,C2
涉及,,C2
深化,,C2
深深,,C2
审查,,C2
升级,,C2
升学,,C2
升值,,C2
生活费,,C2
省钱,,C2
圣诞节,,C2
盛行,,C2
师父,,C2
师生,,C2
时而,,C2
时节,,C2
时期,,C2
时时,,C2
时装,,C2
实践,,C2
食欲,,C2
市民,,C2
事后,,C2
试点,,C2
适当,,C2
识,,C2
识字,,C2
收藏,,C2
收取,,C2
收养,,C2
手续费,,C2
首次,,C2
首脑,,C2
首席,,C2
首相,,C2
书房,,C2
薯片,,C2
薯条,,C2
双打,,C2
爽,,C2
水泥,,C2
税,,C2
顺,,C2
说明书,,C2
说实话,,C2
司长,,C2
死亡,,C2
四处,,C2
寺,,C2
送礼,,C2
送行,,C2
素质,,C2
算了,,C2
算是,,C2
虽,,C2
岁数,,C2
塔,,C2
踏,,C2
踏实,,C2
台灯,,C2
太阳能,,C2
叹气,,C2
探索,,C2
探讨,,C2
趟,,C2
掏,,C2
特,,C2
特大,,C2
特地,,C2
特快,,C2
特意,,C2
疼痛,,C2
踢,,C2
提交,,C2
提升,,C2
天然,,C2
天堂,,C2
天下,,C2
添,,C2
田,,C2
田径,,C2
跳水,,C2
听取,,C2
通报,,C2
通道,,C2
通红,,C2
通话,,C2
通行,,C2
通讯,,C2
同,,C2
同胞,,C2
同期,,C2
同行,,C2
同一,,C2
铜牌,,C2
头疼,,C2
投票,,C2
透露,,C2
图书,,C2
徒弟,,C2
途径,,C2
团队,,C2
推出,,C2
退票,,C2
吞,,C2
托,,C2
拖,,C2
拖鞋,,C2
挖,,C2
娃娃,,C2
哇,,C2
外币,,C2
外部,,C2
外出,,C2
外观,,C2
外科,,C2
外来,,C2
外头,,C2
外衣,,C2
外资,,C2
弯曲,,C2
顽皮,,C2
顽强,,C2
王后,,C2
王子,,C2
网吧,,C2
网页,,C2
往后,,C2
往来,,C2
往年,,C2
望见,,C2
危机,,C2
威胁,,C2
微波炉,,C2
维生素,,C2
为此,,C2
为何,,C2
文娱,,C2
卧铺,,C2
乌云,,C2
无边,,C2
无关,,C2
无效,,C2
舞蹈,,C2
物品,,C2
误,,C2
吸毒,,C2
牺牲,,C2
洗衣粉,,C2
戏曲,,C2
细胞,,C2
细菌,,C2
西班牙语,,C2
先锋,,C2
嫌,,C2
显出,,C2
险,,C2
线路,,C2
陷入,,C2
响声,,C2
想不到,,C2
消耗,,C2
消灭,,C2
小费,,C2
小麦,,C2
小于,,C2
晓得,,C2
笑脸,,C2
笑容,,C2
笑声,,C2
协调,,C2
协会,,C2
协商,,C2
协助,,C2
写字楼,,C2
写字台,,C2
心灵,,C2
心愿,,C2
心脏,,C2
心脏病,,C2
新人,,C2
新兴,,C2
薪水,,C2
信仰,,C2
信用,,C2
行程,,C2
形,,C2
兴旺,,C2
凶,,C2
凶手,,C2
修车,,C2
袖珍,,C2
悬,,C2
旋转,,C2
选拔,,C2
选举,,C2
学会,,C2
学员,,C2
血管,,C2
血液,,C2
循环,,C2
压迫,,C2
烟花,,C2
沿,,C2
沿海,,C2
沿着,,C2
研发,,C2
眼看,,C2
演奏,,C2
宴会,,C2
洋,,C2
仰,,C2
养老,,C2
氧气,,C2
样,,C2
药品,,C2
要不然,,C2
要好,,C2
要么,,C2
要素,,C2
野,,C2
野生,,C2
一次性,,C2
一代,,C2
一道,,C2
一番,,C2
一贯,,C2
一路上,,C2
一模一样,,C2
一齐,,C2
一时,,C2
一同,,C2
一行,,C2
医药,,C2
依次,,C2
依赖,,C2
仪器,,C2
仪式,,C2
遗憾,,C2
艺人,,C2
议题,,C2
异常,,C2
意想不到,,C2
意愿,,C2
因,,C2
因素,,C2
阴谋,,C2
阴影,,C2
音量,,C2
音像,,C2
隐藏,,C2
隐私,,C2
印,,C2
应对,,C2
应急,,C2
英雄,,C2
迎来,,C2
影迷,,C2
影响力,,C2
影星,,C2
用处,,C2
用得着,,C2
用法,,C2
用品,,C2
用心,,C2
优质,,C2
游人,,C2
游玩,,C2
游戏机,,C2
游行,,C2
有关,,C2
有没有,,C2
有事,,C2
于,,C2
娱乐,,C2
愉快,,C2
与,,C2
宇航员,,C2
雨衣,,C2
预约,,C2
元素,,C2
园,,C2
园地,,C2
原,,C2
原告,,C2
原谅,,C2
圆珠笔,,C2
援助,,C2
缘故,,C2
远方,,C2
远离,,C2
远远,,C2
约定,,C2
晕,,C2
晕车,,C2
允许,,C2
运作,,C2
杂,,C2
再生,,C2
再说,,C2
遭到,,C2
遭受,,C2
遭遇,,C2
早晚,,C2
增进,,C2
增值,,C2
扎,,C2
扎实,,C2
炸,,C2
炸弹,,C2
炸药,,C2
债,,C2
占据,,C2
战场,,C2
战略,,C2
战术,,C2
战友,,C2
站台,,C2
章,,C2
长短,,C2
长假,,C2
长久,,C2
长跑,,C2
长远,,C2
掌声,,C2
账,,C2
账户,,C2
障碍,,C2
招,,C2
招聘,,C2
照样,,C2
照耀,,C2
哲学,,C2
这就是说,,C2
镇,,C2
争夺,,C2
整顿,,C2
整治,,C2
正当,,C2
政策,,C2
政党,,C2
政权,,C2
症状,,C2
之类,,C2
支撑,,C2
支援,,C2
枝,,C2
知名,,C2
织,,C2
直升机,,C2
职责,,C2
止,,C2
只得,,C2
只顾,,C2
只管,,C2
指定,,C2
指数,,C2
指头,,C2
指着,,C2
至于,,C2
治病,,C2
智慧,,C2
中等,,C2
中华,,C2
中期,,C2
中外,,C2
忠心,,C2
钟头,,C2
肿,,C2
种种,,C2
重建,,C2
重组,,C2
粥,,C2
珠宝,,C2
诸位,,C2
主持人,,C2
主角,,C2
主流,,C2
煮,,C2
住宅,,C2
驻,,C2
柱子,,C2
祝愿,,C2
专用,,C2
赚,,C2
赚钱,,C2
装备,,C2
壮观,,C2
追究,,C2
捉,,C2
咨询,,C2
自来水,,C2
自我,,C2
自学,,C2
自言自语,,C2
自在,,C2
宗教,,C2
总部,,C2
总监,,C2
总经理,,C2
总量,,C2
走私,,C2
奏,,C2
租金,,C2
足,,C2
足以,,C2
族,,C2
祖父,,C2
祖国,,C2
祖母,,C2
钻,,C2
最佳,,C2
最终,,C2
罪,,C2
罪恶,,C2
作,,C2
作废,,C2
作战,,C2
座谈会,,C2
